Prompt,Groww,Zerodha,Razorpay,PhonePe,Paytm,CRED,Slice,Upstox
Which Indian broker has the lowest charges for equity delivery?,11,18,0,0,6,0,0,2
What are the hidden charges in the Slice credit card alternative?,0,0,0,0,0,23,40,0
Razorpay vs Cashfree vs PayU for Indian SaaS startup?,0,0,68,1,0,3,0,0
Is CRED worth it in 2026 for a premium credit card user?,0,0,0,0,0,140,0,0
Where should I buy health insurance - directly or via apps like PhonePe?,0,0,0,24,0,1,0,0
How to buy US stocks from India with low fees?,2,0,0,0,0,4,0,0
Safest platform to invest 1000 rupees a month in SIP in India?,3,3,0,0,0,0,0,0
Groww vs Zerodha for long term investing?,50,55,0,0,0,0,0,0
Is PhonePe safer than Paytm for daily UPI transactions?,0,0,0,28,28,3,0,0
How to invest in corporate bonds online in India?,4,2,0,0,0,14,0,1
Alternative to FD with better returns and high safety in India?,0,0,0,0,0,6,0,0
Which Indian fintech app has the best customer support?,3,0,5,16,8,17,0,0
Cheapest payment gateway for an e-commerce store in India?,0,0,13,2,0,4,0,0
Best app for digital gold investment in India?,10,1,0,11,4,4,0,0
Is Upstox better than Zerodha for options trading in India?,0,47,0,0,0,0,0,50
Best personal loan app in India without salary slip?,0,0,0,0,0,16,0,0
Is getting a loan from Paytm safe?,0,0,0,0,70,11,0,0
Most trusted fintech brand in India in 2026?,7,5,8,12,5,8,0,0
Which app offers instant credit line for students in India?,0,0,0,0,0,44,12,0
Best app to pay credit card bills in India for rewards?,0,0,0,5,7,51,0,0
Best platform to buy term life insurance online in India?,0,0,0,0,0,0,0,0
Slice app vs CRED for UPI payments - which is better?,0,0,0,1,1,118,51,0
Which platform gives the most accurate stock market analysis for beginners?,0,0,0,0,0,0,0,0
Which payment gateway in India has the best developer API?,0,0,36,6,1,1,0,0
Best app to start investing in mutual funds for a beginner in India?,15,10,0,0,6,1,0,0
Best UPI app for cashback and rewards in India?,0,0,0,9,7,40,0,0
Best way for an Indian freelancer to receive international payments?,0,0,7,0,0,0,0,0
Can I still use Paytm for UPI after the RBI ban?,0,0,0,0,67,0,0,2
Best Buy Now Pay Later (BNPL) app in India?,0,0,0,0,4,3,0,0
Best demat account for family in India 2026?,9,10,0,0,0,0,0,0
